1635510699.3274806,9,-128,91,72,71,87.32394366197184,-13.355844454032088
1635510699.3274806,8,-200,91,73,71,87.32394366197184,-20.35322914806883
1635510699.3274806,15,167,91,75,73,84.93150684931508,17.210788777144447
1635510699.3274806,2,18,90,70,70,88.57142857142858,1.9122294268504203
1635510699.3274806,3,-54,90,70,70,88.57142857142858,-5.719742748496919
1635510699.3274806,7,-271,92,70,69,89.85507246376812,-26.686905839741105
1635510699.3274806,14,244,91,76,73,84.93150684931508,24.350587059891964
1635510699.3274806,1,91,90,72,71,87.32394366197184,9.58066925009003
1635510700.8201952,9,-129,91,71,71,87.32394366197184,-13.456406039455286
1635510700.8201952,15,168,91,76,73,84.93150684931508,17.307708014004547
1635510700.8201952,2,18,90,70,70,88.57142857142858,1.9122294268504203
1635510700.8201952,8,-200,91,73,71,87.32394366197184,-20.35322914806883
1635510700.8201952,3,-54,90,70,70,88.57142857142858,-5.719742748496919
1635510700.8201952,7,-271,92,70,70,88.57142857142858,-26.686905839741105
1635510700.8201952,14,244,91,76,73,84.93150684931508,24.350587059891964
1635510700.8201952,1,91,91,72,72,86.11111111111113,9.58066925009003
1635510701.3017526,9,-128,91,72,71,87.32394366197184,-13.355844454032088
1635510701.3017526,8,-200,91,73,71,87.32394366197184,-20.35322914806883
1635510701.3017526,15,167,91,75,73,84.93150684931508,17.210788777144447
1635510701.3017526,1,91,90,72,71,87.32394366197184,9.58066925009003
1635510701.3017526,2,18,90,70,71,87.32394366197184,1.9122294268504203
1635510701.3017526,3,-54,90,70,70,88.57142857142858,-5.719742748496919
1635510701.3017526,7,-271,92,70,69,89.85507246376812,-26.686905839741105
1635510701.3017526,14,244,91,76,73,84.93150684931508,24.350587059891964
1635510701.8177593,9,-128,91,72,71,87.32394366197184,-13.355844454032088
1635510701.8177593,8,-200,91,73,71,87.32394366197184,-20.35322914806883
1635510701.8177593,2,18,90,70,71,87.32394366197184,1.9122294268504203
1635510701.8177593,15,167,91,75,73,84.93150684931508,17.210788777144447
1635510701.8177593,1,91,90,72,71,87.32394366197184,9.58066925009003
1635510701.8177593,3,-54,90,70,70,88.57142857142858,-5.719742748496919
1635510701.8177593,7,-271,92,70,70,88.57142857142858,-26.686905839741105
1635510701.8177593,14,244,91,76,73,84.93150684931508,24.350587059891964
1635510702.286569,9,-128,91,72,71,87.32394366197184,-13.355844454032088
1635510702.286569,8,-200,91,73,71,87.32394366197184,-20.35322914806883
1635510702.286569,2,18,90,70,71,87.32394366197184,1.9122294268504203
1635510702.286569,3,-54,90,70,70,88.57142857142858,-5.719742748496919
1635510702.286569,15,167,91,75,73,84.93150684931508,17.210788777144447
1635510702.286569,1,91,91,72,72,86.11111111111113,9.58066925009003
1635510702.286569,7,-271,92,70,69,89.85507246376812,-26.686905839741105
1635510702.286569,14,244,91,76,73,84.93150684931508,24.350587059891964
1635510702.7660542,9,-128,91,72,71,87.32394366197184,-13.355844454032088
1635510702.7660542,7,-271,92,70,69,89.85507246376812,-26.686905839741105
1635510702.7660542,8,-200,91,73,71,87.32394366197184,-20.35322914806883
1635510702.7660542,2,18,90,70,71,87.32394366197184,1.9122294268504203
1635510702.7660542,15,167,91,75,73,84.93150684931508,17.210788777144447
1635510702.7660542,1,91,91,72,72,86.11111111111113,9.58066925009003
1635510702.7660542,3,-54,90,70,70,88.57142857142858,-5.719742748496919
1635510702.7660542,14,244,91,76,73,84.93150684931508,24.350587059891964
1635510703.2037776,9,-129,91,71,71,87.32394366197184,-13.456406039455286
1635510703.2037776,8,-200,91,73,71,87.32394366197184,-20.35322914806883
1635510703.2037776,2,18,90,70,71,87.32394366197184,1.9122294268504203
1635510703.2037776,3,-54,90,70,70,88.57142857142858,-5.719742748496919
1635510703.2037776,15,167,91,75,73,84.93150684931508,17.210788777144447
1635510703.2037776,7,-271,92,70,69,89.85507246376812,-26.686905839741105
1635510703.2037776,14,244,91,76,73,84.93150684931508,24.350587059891964
1635510703.829343,7,-271,93,70,70,88.57142857142858,-26.686905839741105
1635510703.829343,8,-200,91,73,71,87.32394366197184,-20.35322914806883
1635510703.829343,9,-128,91,72,70,88.57142857142858,-13.355844454032088
1635510703.829343,2,18,90,70,71,87.32394366197184,1.9122294268504203
1635510703.829343,3,-54,90,70,70,88.57142857142858,-5.719742748496919
1635510703.829343,15,167,91,75,73,84.93150684931508,17.210788777144447
1635510703.829343,1,91,91,72,72,86.11111111111113,9.58066925009003
1635510703.829343,14,244,91,76,73,84.93150684931508,24.350587059891964
1635510704.3273203,7,-271,93,70,70,88.57142857142858,-26.686905839741105
1635510704.3273203,8,-200,91,73,71,87.32394366197184,-20.35322914806883
1635510704.3273203,9,-128,91,72,70,88.57142857142858,-13.355844454032088
1635510704.3273203,2,18,90,70,71,87.32394366197184,1.9122294268504203
1635510704.3273203,3,-54,90,70,70,88.57142857142858,-5.719742748496919
1635510704.3273203,15,167,91,75,73,84.93150684931508,17.210788777144447
1635510704.3273203,1,91,91,72,72,86.11111111111113,9.58066925009003
1635510704.3273203,14,244,91,76,73,84.93150684931508,24.350587059891964
1635510704.8578503,7,-271,93,70,70,88.57142857142858,-26.686905839741105
1635510704.8578503,8,-200,91,73,71,87.32394366197184,-20.35322914806883
1635510704.8578503,2,18,90,70,71,87.32394366197184,1.9122294268504203
1635510704.8578503,3,-54,90,70,70,88.57142857142858,-5.719742748496919
1635510704.8578503,15,167,91,75,73,84.93150684931508,17.210788777144447
1635510704.8578503,1,91,91,72,72,86.11111111111113,9.58066925009003
1635510704.8578503,14,244,91,76,73,84.93150684931508,24.350587059891964
1635510705.4522905,7,-271,93,70,70,88.57142857142858,-26.686905839741105
1635510705.4522905,8,-200,91,73,71,87.32394366197184,-20.35322914806883
1635510705.4522905,9,-128,91,72,71,87.32394366197184,-13.355844454032088
1635510705.4522905,2,18,90,70,71,87.32394366197184,1.9122294268504203
1635510705.4522905,3,-54,90,70,70,88.57142857142858,-5.719742748496919
1635510705.4522905,15,167,91,75,73,84.93150684931508,17.210788777144447
1635510705.4522905,1,91,91,72,72,86.11111111111113,9.58066925009003
1635510705.4522905,14,244,91,76,73,84.93150684931508,24.350587059891964
1635510706.0039036,8,-200,91,73,71,87.32394366197184,-20.35322914806883
1635510706.0039036,9,-129,91,71,71,87.32394366197184,-13.456406039455286
1635510706.0039036,2,18,90,70,71,87.32394366197184,1.9122294268504203
1635510706.0039036,3,-54,90,70,70,88.57142857142858,-5.719742748496919
1635510706.0039036,15,167,91,75,73,84.93150684931508,17.210788777144447
1635510706.0039036,1,91,91,72,72,86.11111111111113,9.58066925009003
1635510706.0039036,7,-271,93,70,70,88.57142857142858,-26.686905839741105
1635510706.0039036,14,244,91,76,73,84.93150684931508,24.350587059891964
1635510706.6053817,9,-129,91,71,70,88.57142857142858,-13.456406039455286
1635510706.6053817,2,18,90,70,71,87.32394366197184,1.9122294268504203
1635510706.6053817,3,-54,90,70,70,88.57142857142858,-5.719742748496919
1635510706.6053817,14,244,91,76,73,84.93150684931508,24.350587059891964
1635510706.6053817,8,-200,91,73,71,87.32394366197184,-20.35322914806883
1635510706.6053817,15,168,91,76,73,84.93150684931508,17.307708014004547
1635510706.6053817,1,91,90,72,73,84.93150684931508,9.58066925009003
1635510706.6053817,7,-271,92,70,69,89.85507246376812,-26.686905839741105
1635510707.1574733,9,-128,91,72,71,87.32394366197184,-13.355844454032088
1635510707.1574733,2,18,90,70,71,87.32394366197184,1.9122294268504203
1635510707.1574733,3,-54,90,70,70,88.57142857142858,-5.719742748496919
1635510707.1574733,8,-200,91,73,71,87.32394366197184,-20.35322914806883
1635510707.1574733,15,168,91,76,73,84.93150684931508,17.307708014004547
1635510707.1574733,1,91,91,72,72,86.11111111111113,9.58066925009003
1635510707.1574733,7,-271,93,70,70,88.57142857142858,-26.686905839741105
1635510707.1574733,14,244,91,76,73,84.93150684931508,24.350587059891964
1635510707.7679665,8,-200,91,73,71,87.32394366197184,-20.35322914806883
1635510707.7679665,9,-128,91,72,71,87.32394366197184,-13.355844454032088
1635510707.7679665,2,18,90,70,71,87.32394366197184,1.9122294268504203
1635510707.7679665,3,-54,90,70,70,88.57142857142858,-5.719742748496919
1635510707.7679665,15,167,91,75,73,84.93150684931508,17.210788777144447
1635510707.7679665,1,91,91,72,72,86.11111111111113,9.58066925009003
1635510707.7679665,7,-271,93,70,70,88.57142857142858,-26.686905839741105
1635510707.7679665,14,244,91,76,73,84.93150684931508,24.350587059891964
1635510708.3139434,7,-271,92,70,69,89.85507246376812,-26.686905839741105
1635510708.3139434,9,-128,91,72,70,88.57142857142858,-13.355844454032088
1635510708.3139434,2,18,90,70,71,87.32394366197184,1.9122294268504203
1635510708.3139434,3,-54,90,70,70,88.57142857142858,-5.719742748496919
1635510708.3139434,15,167,91,75,73,84.93150684931508,17.210788777144447
1635510708.3139434,1,91,91,72,72,86.11111111111113,9.58066925009003
1635510708.3139434,8,-200,91,73,71,87.32394366197184,-20.35322914806883
1635510708.3139434,14,244,91,76,73,84.93150684931508,24.350587059891964
1635510708.8053603,7,-271,93,70,73,84.93150684931508,-26.686905839741105
1635510708.8053603,8,-200,91,73,71,87.32394366197184,-20.35322914806883
1635510708.8053603,9,-128,91,72,71,87.32394366197184,-13.355844454032088
1635510708.8053603,2,18,90,70,71,87.32394366197184,1.9122294268504203
1635510708.8053603,3,-54,90,70,70,88.57142857142858,-5.719742748496919
1635510708.8053603,15,167,91,75,73,84.93150684931508,17.210788777144447
1635510708.8053603,1,91,91,72,72,86.11111111111113,9.58066925009003
1635510708.8053603,14,244,91,76,73,84.93150684931508,24.350587059891964
1635510709.4074314,7,-271,93,70,70,88.57142857142858,-26.686905839741105
1635510709.4074314,9,-128,91,72,71,87.32394366197184,-13.355844454032088
1635510709.4074314,2,18,90,70,71,87.32394366197184,1.9122294268504203
1635510709.4074314,3,-54,90,70,70,88.57142857142858,-5.719742748496919
1635510709.4074314,8,-200,91,73,71,87.32394366197184,-20.35322914806883
1635510709.4074314,15,167,91,75,73,84.93150684931508,17.210788777144447
1635510709.4074314,1,91,91,72,72,86.11111111111113,9.58066925009003
1635510709.4074314,14,244,91,76,73,84.93150684931508,24.350587059891964
1635510709.9213479,7,-271,92,70,71,87.32394366197184,-26.686905839741105
1635510709.9213479,9,-128,91,72,71,87.32394366197184,-13.355844454032088
1635510709.9213479,2,18,90,70,71,87.32394366197184,1.9122294268504203
1635510709.9213479,3,-54,90,70,70,88.57142857142858,-5.719742748496919
1635510709.9213479,15,167,91,75,73,84.93150684931508,17.210788777144447
1635510709.9213479,8,-200,91,73,71,87.32394366197184,-20.35322914806883
1635510709.9213479,1,91,91,72,72,86.11111111111113,9.58066925009003
1635510709.9213479,14,244,91,76,73,84.93150684931508,24.350587059891964
1635510710.4957356,7,-271,93,70,73,84.93150684931508,-26.686905839741105
1635510710.4957356,9,-128,91,72,71,87.32394366197184,-13.355844454032088
1635510710.4957356,2,18,90,70,71,87.32394366197184,1.9122294268504203
1635510710.4957356,3,-54,90,70,70,88.57142857142858,-5.719742748496919
1635510710.4957356,8,-200,91,73,71,87.32394366197184,-20.35322914806883
1635510710.4957356,15,167,91,75,73,84.93150684931508,17.210788777144447
1635510710.4957356,1,91,91,72,72,86.11111111111113,9.58066925009003
1635510710.4957356,14,244,91,76,74,83.78378378378379,24.350587059891964
1635510710.988498,7,-271,92,70,69,89.85507246376812,-26.686905839741105
1635510710.988498,8,-200,91,73,71,87.32394366197184,-20.35322914806883
1635510710.988498,9,-129,91,71,71,87.32394366197184,-13.456406039455286
1635510710.988498,2,18,90,70,71,87.32394366197184,1.9122294268504203
1635510710.988498,3,-54,90,70,70,88.57142857142858,-5.719742748496919
1635510710.988498,15,167,91,75,73,84.93150684931508,17.210788777144447
1635510710.988498,1,91,91,72,72,86.11111111111113,9.58066925009003
1635510710.988498,14,244,92,76,72,86.11111111111113,24.350587059891964
1635510711.5164766,7,-271,93,70,70,88.57142857142858,-26.686905839741105
1635510711.5164766,9,-129,91,71,71,87.32394366197184,-13.456406039455286
1635510711.5164766,2,18,90,70,71,87.32394366197184,1.9122294268504203
1635510711.5164766,3,-54,90,70,70,88.57142857142858,-5.719742748496919
1635510711.5164766,15,167,91,75,73,84.93150684931508,17.210788777144447
1635510711.5164766,1,91,91,72,72,86.11111111111113,9.58066925009003
1635510711.5164766,14,244,91,76,74,83.78378378378379,24.350587059891964
1635510712.1407247,7,-271,93,70,70,88.57142857142858,-26.686905839741105
1635510712.1407247,9,-128,91,72,71,87.32394366197184,-13.355844454032088
1635510712.1407247,2,18,90,70,71,87.32394366197184,1.9122294268504203
1635510712.1407247,3,-54,90,70,70,88.57142857142858,-5.719742748496919
1635510712.1407247,8,-200,91,73,71,87.32394366197184,-20.35322914806883
1635510712.1407247,15,167,91,75,73,84.93150684931508,17.210788777144447
1635510712.1407247,1,91,91,72,72,86.11111111111113,9.58066925009003
1635510712.7013745,7,-271,93,70,73,84.93150684931508,-26.686905839741105
1635510712.7013745,9,-129,91,71,71,87.32394366197184,-13.456406039455286
1635510712.7013745,2,18,90,70,71,87.32394366197184,1.9122294268504203
1635510712.7013745,3,-54,90,70,70,88.57142857142858,-5.719742748496919
1635510712.7013745,8,-200,91,73,71,87.32394366197184,-20.35322914806883
1635510712.7013745,15,167,91,75,73,84.93150684931508,17.210788777144447
1635510712.7013745,1,91,91,72,72,86.11111111111113,9.58066925009003
1635510712.7013745,14,244,91,76,74,83.78378378378379,24.350587059891964
1635510713.269763,7,-271,93,70,70,88.57142857142858,-26.686905839741105
1635510713.269763,2,18,90,70,71,87.32394366197184,1.9122294268504203
1635510713.269763,3,-54,90,70,70,88.57142857142858,-5.719742748496919
1635510713.269763,15,167,91,75,73,84.93150684931508,17.210788777144447
1635510713.269763,8,-200,91,73,71,87.32394366197184,-20.35322914806883
1635510713.269763,1,91,91,72,72,86.11111111111113,9.58066925009003
1635510713.269763,14,244,91,76,73,84.93150684931508,24.350587059891964
1635510713.8194346,7,-271,93,70,70,88.57142857142858,-26.686905839741105
1635510713.8194346,9,-129,91,71,71,87.32394366197184,-13.456406039455286
1635510713.8194346,2,18,90,70,71,87.32394366197184,1.9122294268504203
1635510713.8194346,3,-54,90,70,70,88.57142857142858,-5.719742748496919
1635510713.8194346,15,168,91,76,73,84.93150684931508,17.307708014004547
1635510713.8194346,8,-200,91,73,71,87.32394366197184,-20.35322914806883
1635510713.8194346,1,91,91,72,72,86.11111111111113,9.58066925009003
1635510713.8194346,14,244,91,76,74,83.78378378378379,24.350587059891964
1635510714.3316903,7,-271,92,70,71,87.32394366197184,-26.686905839741105
1635510714.3316903,9,-129,91,71,71,87.32394366197184,-13.456406039455286
1635510714.3316903,2,18,90,70,71,87.32394366197184,1.9122294268504203
1635510714.3316903,3,-54,90,70,70,88.57142857142858,-5.719742748496919
1635510714.3316903,8,-200,91,73,71,87.32394366197184,-20.35322914806883
1635510714.3316903,15,167,91,75,73,84.93150684931508,17.210788777144447
1635510714.3316903,1,91,91,72,72,86.11111111111113,9.58066925009003
1635510714.3316903,14,244,91,76,74,83.78378378378379,24.350587059891964
1635510714.8532379,7,-271,93,70,73,84.93150684931508,-26.686905839741105
1635510714.8532379,2,18,90,70,71,87.32394366197184,1.9122294268504203
1635510714.8532379,3,-54,90,70,70,88.57142857142858,-5.719742748496919
1635510714.8532379,15,167,91,75,73,84.93150684931508,17.210788777144447
1635510714.8532379,8,-200,91,73,71,87.32394366197184,-20.35322914806883
1635510714.8532379,1,91,91,72,72,86.11111111111113,9.58066925009003
1635510714.8532379,14,244,91,76,73,84.93150684931508,24.350587059891964
1635510715.4172957,7,-271,93,70,72,86.11111111111113,-26.686905839741105
1635510715.4172957,2,18,90,70,71,87.32394366197184,1.9122294268504203
1635510715.4172957,3,-54,90,70,70,88.57142857142858,-5.719742748496919
1635510715.4172957,8,-200,91,73,71,87.32394366197184,-20.35322914806883
1635510715.4172957,15,167,91,75,73,84.93150684931508,17.210788777144447
1635510715.4172957,1,91,91,72,72,86.11111111111113,9.58066925009003
1635510715.4172957,14,244,91,76,73,84.93150684931508,24.350587059891964
1635510715.9177282,7,-271,93,70,73,84.93150684931508,-26.686905839741105
1635510715.9177282,9,-129,91,71,71,87.32394366197184,-13.456406039455286
1635510715.9177282,2,18,90,70,71,87.32394366197184,1.9122294268504203
1635510715.9177282,3,-54,90,70,70,88.57142857142858,-5.719742748496919
1635510715.9177282,15,167,91,75,73,84.93150684931508,17.210788777144447
1635510715.9177282,8,-200,91,73,71,87.32394366197184,-20.35322914806883
1635510715.9177282,1,91,91,72,72,86.11111111111113,9.58066925009003
1635510715.9177282,14,244,91,76,74,83.78378378378379,24.350587059891964
1635510716.419574,7,-271,93,70,70,88.57142857142858,-26.686905839741105
1635510716.419574,9,-129,91,72,71,87.32394366197184,-13.456406039455286
1635510716.419574,2,18,90,70,71,87.32394366197184,1.9122294268504203
1635510716.419574,3,-54,90,70,70,88.57142857142858,-5.719742748496919
1635510716.419574,14,244,91,76,73,84.93150684931508,24.350587059891964
1635510716.419574,15,167,91,75,73,84.93150684931508,17.210788777144447
1635510716.419574,1,91,91,72,72,86.11111111111113,9.58066925009003
1635510716.419574,8,-200,91,73,71,87.32394366197184,-20.35322914806883
1635510716.9388475,7,-271,93,70,73,84.93150684931508,-26.686905839741105
1635510716.9388475,9,-129,91,71,71,87.32394366197184,-13.456406039455286
1635510716.9388475,2,18,90,70,71,87.32394366197184,1.9122294268504203
1635510716.9388475,3,-54,90,70,70,88.57142857142858,-5.719742748496919
1635510716.9388475,15,168,91,76,73,84.93150684931508,17.307708014004547
1635510716.9388475,8,-200,91,73,71,87.32394366197184,-20.35322914806883
1635510716.9388475,1,91,91,72,72,86.11111111111113,9.58066925009003
1635510716.9388475,14,244,91,76,73,84.93150684931508,24.350587059891964
1635510717.445132,9,-129,91,71,70,88.57142857142858,-13.456406039455286
1635510717.445132,2,18,90,70,71,87.32394366197184,1.9122294268504203
1635510717.445132,3,-54,90,70,70,88.57142857142858,-5.719742748496919
1635510717.445132,15,168,91,76,73,84.93150684931508,17.307708014004547
1635510717.445132,8,-200,91,73,71,87.32394366197184,-20.35322914806883
1635510717.445132,1,91,91,72,72,86.11111111111113,9.58066925009003
1635510717.445132,14,243,90,77,75,82.66666666666669,24.262318581404937
1635510717.926936,7,-271,92,70,71,87.32394366197184,-26.686905839741105
1635510717.926936,9,-129,91,71,71,87.32394366197184,-13.456406039455286
1635510717.926936,2,18,90,70,71,87.32394366197184,1.9122294268504203
1635510717.926936,3,-54,90,70,70,88.57142857142858,-5.719742748496919
1635510717.926936,15,168,91,76,73,84.93150684931508,17.307708014004547
1635510717.926936,1,91,91,72,72,86.11111111111113,9.58066925009003
1635510717.926936,8,-200,91,73,71,87.32394366197184,-20.35322914806883
1635510717.926936,14,244,91,76,73,84.93150684931508,24.350587059891964
1635510718.4181705,7,-271,92,70,71,87.32394366197184,-26.686905839741105
1635510718.4181705,9,-129,91,71,71,87.32394366197184,-13.456406039455286
1635510718.4181705,2,18,90,70,71,87.32394366197184,1.9122294268504203
1635510718.4181705,3,-54,90,70,70,88.57142857142858,-5.719742748496919
1635510718.4181705,15,167,91,75,73,84.93150684931508,17.210788777144447
1635510718.4181705,1,91,91,72,72,86.11111111111113,9.58066925009003
1635510718.4181705,8,-200,91,73,71,87.32394366197184,-20.35322914806883
1635510718.4181705,14,243,91,77,74,83.78378378378379,24.262318581404937
1635510718.9410667,7,-271,93,70,73,84.93150684931508,-26.686905839741105
1635510718.9410667,9,-129,91,71,71,87.32394366197184,-13.456406039455286
1635510718.9410667,2,18,90,70,71,87.32394366197184,1.9122294268504203
1635510718.9410667,3,-54,90,70,70,88.57142857142858,-5.719742748496919
1635510718.9410667,15,167,91,75,73,84.93150684931508,17.210788777144447
1635510718.9410667,1,91,91,72,72,86.11111111111113,9.58066925009003
1635510718.9410667,8,-200,91,73,71,87.32394366197184,-20.35322914806883
1635510718.9410667,14,244,91,76,73,84.93150684931508,24.350587059891964
1635510719.4788656,7,-271,93,70,73,84.93150684931508,-26.686905839741105
1635510719.4788656,9,-129,91,71,71,87.32394366197184,-13.456406039455286
1635510719.4788656,2,18,90,70,71,87.32394366197184,1.9122294268504203
1635510719.4788656,3,-54,90,70,70,88.57142857142858,-5.719742748496919
1635510719.4788656,15,167,91,75,73,84.93150684931508,17.210788777144447
1635510719.4788656,1,91,91,72,72,86.11111111111113,9.58066925009003
1635510719.4788656,8,-200,91,73,71,87.32394366197184,-20.35322914806883
1635510719.4788656,14,243,91,77,74,83.78378378378379,24.262318581404937
1635510720.0013967,7,-271,92,70,71,87.32394366197184,-26.686905839741105
1635510720.0013967,9,-129,91,71,71,87.32394366197184,-13.456406039455286
1635510720.0013967,2,18,90,70,71,87.32394366197184,1.9122294268504203
1635510720.0013967,3,-54,90,70,70,88.57142857142858,-5.719742748496919
1635510720.0013967,15,167,91,75,73,84.93150684931508,17.210788777144447
1635510720.0013967,1,91,91,72,72,86.11111111111113,9.58066925009003
1635510720.0013967,8,-200,91,73,71,87.32394366197184,-20.35322914806883
1635510720.0013967,14,244,91,76,74,83.78378378378379,24.350587059891964
1635510720.5497098,9,-129,91,71,71,87.32394366197184,-13.456406039455286
1635510720.5497098,2,18,90,70,71,87.32394366197184,1.9122294268504203
1635510720.5497098,3,-54,90,70,70,88.57142857142858,-5.719742748496919
1635510720.5497098,7,-271,92,70,69,89.85507246376812,-26.686905839741105
1635510720.5497098,15,167,91,75,73,84.93150684931508,17.210788777144447
1635510720.5497098,1,91,91,72,72,86.11111111111113,9.58066925009003
1635510720.5497098,8,-200,91,73,71,87.32394366197184,-20.35322914806883
1635510720.5497098,14,243,91,77,74,83.78378378378379,24.262318581404937
1635510721.0634742,7,-271,92,70,71,87.32394366197184,-26.686905839741105
1635510721.0634742,9,-129,91,71,71,87.32394366197184,-13.456406039455286
1635510721.0634742,2,18,90,70,71,87.32394366197184,1.9122294268504203
1635510721.0634742,3,-54,90,70,70,88.57142857142858,-5.719742748496919
1635510721.0634742,14,244,91,76,74,83.78378378378379,24.350587059891964
1635510721.0634742,15,167,91,75,73,84.93150684931508,17.210788777144447
1635510721.0634742,1,91,91,72,72,86.11111111111113,9.58066925009003
1635510721.0634742,8,-200,91,73,71,87.32394366197184,-20.35322914806883
1635510721.4825583,7,-271,93,70,72,86.11111111111113,-26.686905839741105
1635510721.4825583,9,-129,91,71,71,87.32394366197184,-13.456406039455286
1635510721.4825583,2,18,90,70,71,87.32394366197184,1.9122294268504203
1635510721.4825583,3,-54,90,70,70,88.57142857142858,-5.719742748496919
1635510721.4825583,15,167,91,75,73,84.93150684931508,17.210788777144447
1635510721.4825583,1,91,91,72,72,86.11111111111113,9.58066925009003
1635510721.4825583,8,-200,91,73,71,87.32394366197184,-20.35322914806883
1635510721.9383664,7,-271,92,70,69,89.85507246376812,-26.686905839741105
1635510721.9383664,9,-129,91,71,71,87.32394366197184,-13.456406039455286
1635510721.9383664,2,18,90,70,71,87.32394366197184,1.9122294268504203
1635510721.9383664,3,-54,90,70,70,88.57142857142858,-5.719742748496919
1635510721.9383664,15,168,91,76,73,84.93150684931508,17.307708014004547
1635510721.9383664,1,91,91,72,72,86.11111111111113,9.58066925009003
1635510721.9383664,8,-200,91,73,71,87.32394366197184,-20.35322914806883
1635510721.9383664,14,244,91,76,74,83.78378378378379,24.350587059891964
1635510722.4534304,7,-271,92,70,69,89.85507246376812,-26.686905839741105
1635510722.4534304,9,-129,91,71,71,87.32394366197184,-13.456406039455286
1635510722.4534304,2,18,90,70,71,87.32394366197184,1.9122294268504203
1635510722.4534304,3,-54,90,70,70,88.57142857142858,-5.719742748496919
1635510722.4534304,15,167,91,75,73,84.93150684931508,17.210788777144447
1635510722.4534304,1,91,91,72,72,86.11111111111113,9.58066925009003
1635510722.4534304,8,-200,91,73,71,87.32394366197184,-20.35322914806883
1635510722.4534304,14,243,91,77,74,83.78378378378379,24.262318581404937
1635510722.9455276,7,-271,93,70,70,88.57142857142858,-26.686905839741105
1635510722.9455276,9,-129,91,71,71,87.32394366197184,-13.456406039455286
1635510722.9455276,2,18,90,70,71,87.32394366197184,1.9122294268504203
1635510722.9455276,3,-54,90,70,70,88.57142857142858,-5.719742748496919
1635510722.9455276,15,167,91,75,73,84.93150684931508,17.210788777144447
1635510722.9455276,1,91,91,72,72,86.11111111111113,9.58066925009003
1635510722.9455276,8,-200,91,73,71,87.32394366197184,-20.35322914806883
1635510723.5371022,9,-129,91,71,71,87.32394366197184,-13.456406039455286
1635510723.5371022,2,18,90,70,71,87.32394366197184,1.9122294268504203
1635510723.5371022,3,-54,90,70,70,88.57142857142858,-5.719742748496919
1635510723.5371022,7,-271,93,70,70,88.57142857142858,-26.686905839741105
1635510723.5371022,15,168,91,76,73,84.93150684931508,17.307708014004547
1635510723.5371022,1,91,91,72,72,86.11111111111113,9.58066925009003
1635510723.5371022,8,-200,91,73,71,87.32394366197184,-20.35322914806883
1635510723.5371022,14,243,91,77,73,84.93150684931508,24.262318581404937
1635510724.0389876,9,-129,91,71,71,87.32394366197184,-13.456406039455286
1635510724.0389876,2,18,90,70,71,87.32394366197184,1.9122294268504203
1635510724.0389876,3,-54,90,70,70,88.57142857142858,-5.719742748496919
1635510724.0389876,14,244,91,76,73,84.93150684931508,24.350587059891964
1635510724.0389876,7,-271,93,70,73,84.93150684931508,-26.686905839741105
1635510724.0389876,15,167,91,75,73,84.93150684931508,17.210788777144447
1635510724.0389876,1,91,91,72,72,86.11111111111113,9.58066925009003
1635510724.0389876,8,-200,91,73,71,87.32394366197184,-20.35322914806883
1635510724.5791736,7,-271,93,70,70,88.57142857142858,-26.686905839741105
1635510724.5791736,9,-129,91,71,71,87.32394366197184,-13.456406039455286
1635510724.5791736,2,18,90,70,71,87.32394366197184,1.9122294268504203
1635510724.5791736,3,-54,90,70,70,88.57142857142858,-5.719742748496919
1635510724.5791736,15,167,91,75,73,84.93150684931508,17.210788777144447
1635510724.5791736,1,91,91,72,72,86.11111111111113,9.58066925009003
1635510724.5791736,8,-200,91,73,71,87.32394366197184,-20.35322914806883
1635510724.5791736,14,244,91,76,74,83.78378378378379,24.350587059891964
1635510725.1089177,7,-271,93,70,70,88.57142857142858,-26.686905839741105
1635510725.1089177,9,-129,91,71,71,87.32394366197184,-13.456406039455286
1635510725.1089177,2,18,90,70,71,87.32394366197184,1.9122294268504203
1635510725.1089177,3,-54,90,70,70,88.57142857142858,-5.719742748496919
1635510725.1089177,15,167,91,75,73,84.93150684931508,17.210788777144447
1635510725.1089177,1,91,91,72,72,86.11111111111113,9.58066925009003
1635510725.1089177,8,-200,91,73,71,87.32394366197184,-20.35322914806883
1635510725.1089177,14,244,91,76,74,83.78378378378379,24.350587059891964
1635510725.6314638,7,-271,92,70,69,89.85507246376812,-26.686905839741105
1635510725.6314638,9,-129,91,71,71,87.32394366197184,-13.456406039455286
1635510725.6314638,2,18,90,70,71,87.32394366197184,1.9122294268504203
1635510725.6314638,3,-54,90,70,70,88.57142857142858,-5.719742748496919
1635510725.6314638,15,167,91,75,73,84.93150684931508,17.210788777144447
1635510725.6314638,1,91,90,72,73,84.93150684931508,9.58066925009003
1635510725.6314638,8,-200,91,73,71,87.32394366197184,-20.35322914806883
1635510725.6314638,14,243,91,77,74,83.78378378378379,24.262318581404937
1635510726.123382,7,-271,92,70,70,88.57142857142858,-26.686905839741105
1635510726.123382,9,-129,91,71,70,88.57142857142858,-13.456406039455286
1635510726.123382,2,18,90,70,71,87.32394366197184,1.9122294268504203
1635510726.123382,3,-54,90,70,70,88.57142857142858,-5.719742748496919
1635510726.123382,15,167,91,75,73,84.93150684931508,17.210788777144447
1635510726.123382,8,-200,92,73,72,86.11111111111113,-20.35322914806883
1635510726.123382,1,91,91,72,72,86.11111111111113,9.58066925009003
1635510726.123382,14,244,91,76,73,84.93150684931508,24.350587059891964
1635510726.6970506,7,-271,93,70,73,84.93150684931508,-26.686905839741105
1635510726.6970506,9,-129,91,72,71,87.32394366197184,-13.456406039455286
1635510726.6970506,2,18,90,70,71,87.32394366197184,1.9122294268504203
1635510726.6970506,3,-54,90,70,70,88.57142857142858,-5.719742748496919
1635510726.6970506,15,167,91,75,73,84.93150684931508,17.210788777144447
1635510726.6970506,1,91,91,72,72,86.11111111111113,9.58066925009003
1635510726.6970506,8,-200,91,73,71,87.32394366197184,-20.35322914806883
1635510726.6970506,14,244,91,76,74,83.78378378378379,24.350587059891964
1635510727.251537,7,-271,93,70,70,88.57142857142858,-26.686905839741105
1635510727.251537,9,-129,91,71,71,87.32394366197184,-13.456406039455286
1635510727.251537,2,18,90,70,71,87.32394366197184,1.9122294268504203
1635510727.251537,3,-54,90,70,70,88.57142857142858,-5.719742748496919
1635510727.251537,15,167,91,75,73,84.93150684931508,17.210788777144447
1635510727.251537,1,91,91,72,72,86.11111111111113,9.58066925009003
1635510727.251537,8,-200,91,73,71,87.32394366197184,-20.35322914806883
1635510727.251537,14,243,91,77,73,84.93150684931508,24.262318581404937
1635510727.7622755,7,-271,92,70,69,89.85507246376812,-26.686905839741105
1635510727.7622755,9,-129,91,71,71,87.32394366197184,-13.456406039455286
1635510727.7622755,2,18,90,70,71,87.32394366197184,1.9122294268504203
1635510727.7622755,3,-54,90,70,70,88.57142857142858,-5.719742748496919
1635510727.7622755,14,243,91,77,74,83.78378378378379,24.262318581404937
1635510727.7622755,15,167,91,75,73,84.93150684931508,17.210788777144447
1635510727.7622755,1,91,91,72,72,86.11111111111113,9.58066925009003
1635510727.7622755,8,-200,92,73,72,86.11111111111113,-20.35322914806883
1635510728.2020767,9,-129,91,71,71,87.32394366197184,-13.456406039455286
1635510728.2020767,2,18,90,70,71,87.32394366197184,1.9122294268504203
1635510728.2020767,3,-54,90,70,70,88.57142857142858,-5.719742748496919
1635510728.2020767,7,-271,93,70,70,88.57142857142858,-26.686905839741105
1635510728.2020767,15,167,91,75,73,84.93150684931508,17.210788777144447
1635510728.2020767,1,91,91,72,72,86.11111111111113,9.58066925009003
1635510728.2020767,8,-200,91,73,71,87.32394366197184,-20.35322914806883
1635510728.2020767,14,244,91,76,74,83.78378378378379,24.350587059891964
1635510728.7326572,7,-271,92,70,69,89.85507246376812,-26.686905839741105
1635510728.7326572,9,-129,91,71,71,87.32394366197184,-13.456406039455286
1635510728.7326572,2,18,90,70,71,87.32394366197184,1.9122294268504203
1635510728.7326572,3,-54,90,70,70,88.57142857142858,-5.719742748496919
1635510728.7326572,15,167,91,75,73,84.93150684931508,17.210788777144447
1635510728.7326572,1,91,91,72,72,86.11111111111113,9.58066925009003
1635510728.7326572,8,-200,91,73,71,87.32394366197184,-20.35322914806883
1635510728.7326572,14,243,91,77,74,83.78378378378379,24.262318581404937
1635510729.2586284,7,-271,93,70,70,88.57142857142858,-26.686905839741105
1635510729.2586284,9,-129,91,71,71,87.32394366197184,-13.456406039455286
1635510729.2586284,2,18,90,70,71,87.32394366197184,1.9122294268504203
1635510729.2586284,3,-54,90,70,70,88.57142857142858,-5.719742748496919
1635510729.2586284,14,244,91,76,73,84.93150684931508,24.350587059891964
1635510729.2586284,15,167,91,75,73,84.93150684931508,17.210788777144447
1635510729.2586284,1,91,91,72,72,86.11111111111113,9.58066925009003
1635510729.2586284,8,-200,92,73,72,86.11111111111113,-20.35322914806883
1635510729.7670915,7,-271,92,70,69,89.85507246376812,-26.686905839741105
1635510729.7670915,9,-129,91,71,71,87.32394366197184,-13.456406039455286
1635510729.7670915,2,18,90,70,71,87.32394366197184,1.9122294268504203
1635510729.7670915,3,-54,90,70,70,88.57142857142858,-5.719742748496919
1635510729.7670915,15,167,91,75,73,84.93150684931508,17.210788777144447
1635510729.7670915,1,91,91,72,72,86.11111111111113,9.58066925009003
1635510729.7670915,8,-200,91,73,71,87.32394366197184,-20.35322914806883
1635510729.7670915,14,243,91,77,73,84.93150684931508,24.262318581404937
1635510730.231065,7,-271,92,70,69,89.85507246376812,-26.686905839741105
1635510730.231065,9,-129,91,71,71,87.32394366197184,-13.456406039455286
1635510730.231065,2,18,90,70,71,87.32394366197184,1.9122294268504203
1635510730.231065,3,-54,90,70,70,88.57142857142858,-5.719742748496919
1635510730.231065,15,167,91,75,73,84.93150684931508,17.210788777144447
1635510730.231065,1,91,91,72,72,86.11111111111113,9.58066925009003
1635510730.231065,8,-200,91,73,71,87.32394366197184,-20.35322914806883
1635510730.231065,14,244,91,76,74,83.78378378378379,24.350587059891964
1635510730.7319925,7,-271,92,70,69,89.85507246376812,-26.686905839741105
1635510730.7319925,9,-129,91,71,71,87.32394366197184,-13.456406039455286
1635510730.7319925,2,18,90,70,71,87.32394366197184,1.9122294268504203
1635510730.7319925,3,-54,90,70,70,88.57142857142858,-5.719742748496919
1635510730.7319925,15,167,91,75,73,84.93150684931508,17.210788777144447
1635510730.7319925,1,91,91,72,72,86.11111111111113,9.58066925009003
1635510730.7319925,8,-200,91,73,71,87.32394366197184,-20.35322914806883
1635510730.7319925,14,243,91,77,74,83.78378378378379,24.262318581404937
1635510731.2310038,7,-271,93,70,70,88.57142857142858,-26.686905839741105
1635510731.2310038,9,-129,91,71,71,87.32394366197184,-13.456406039455286
1635510731.2310038,2,18,90,70,71,87.32394366197184,1.9122294268504203
1635510731.2310038,3,-54,90,70,70,88.57142857142858,-5.719742748496919
1635510731.2310038,14,243,91,77,74,83.78378378378379,24.262318581404937
1635510731.2310038,15,167,91,75,73,84.93150684931508,17.210788777144447
1635510731.2310038,1,91,91,72,72,86.11111111111113,9.58066925009003
1635510731.2310038,8,-200,91,73,71,87.32394366197184,-20.35322914806883
1635510731.6745174,7,-271,92,70,70,88.57142857142858,-26.686905839741105
1635510731.6745174,9,-129,91,71,71,87.32394366197184,-13.456406039455286
1635510731.6745174,2,18,90,70,71,87.32394366197184,1.9122294268504203
1635510731.6745174,3,-54,90,70,70,88.57142857142858,-5.719742748496919
1635510731.6745174,15,167,91,75,73,84.93150684931508,17.210788777144447
1635510731.6745174,1,91,91,72,72,86.11111111111113,9.58066925009003
1635510731.6745174,8,-200,91,73,71,87.32394366197184,-20.35322914806883
1635510731.6745174,14,243,91,77,74,83.78378378378379,24.262318581404937
1635510732.1703937,7,-271,92,70,69,89.85507246376812,-26.686905839741105
1635510732.1703937,9,-129,91,71,71,87.32394366197184,-13.456406039455286
1635510732.1703937,2,18,90,70,71,87.32394366197184,1.9122294268504203
1635510732.1703937,3,-54,90,70,70,88.57142857142858,-5.719742748496919
1635510732.1703937,15,167,91,75,73,84.93150684931508,17.210788777144447
1635510732.1703937,1,91,91,72,72,86.11111111111113,9.58066925009003
1635510732.1703937,8,-200,91,73,71,87.32394366197184,-20.35322914806883
1635510732.1703937,14,243,91,77,73,84.93150684931508,24.262318581404937
1635510732.6412556,7,-271,92,70,70,88.57142857142858,-26.686905839741105
1635510732.6412556,9,-129,91,71,71,87.32394366197184,-13.456406039455286
1635510732.6412556,2,18,90,70,71,87.32394366197184,1.9122294268504203
1635510732.6412556,3,-54,90,70,70,88.57142857142858,-5.719742748496919
1635510732.6412556,14,243,91,77,73,84.93150684931508,24.262318581404937
1635510732.6412556,15,167,91,75,73,84.93150684931508,17.210788777144447
1635510732.6412556,1,91,91,72,72,86.11111111111113,9.58066925009003
1635510732.6412556,8,-200,91,73,71,87.32394366197184,-20.35322914806883
1635510733.1286273,7,-271,92,70,69,89.85507246376812,-26.686905839741105
1635510733.1286273,9,-129,91,71,71,87.32394366197184,-13.456406039455286
1635510733.1286273,2,18,90,70,71,87.32394366197184,1.9122294268504203
1635510733.1286273,15,167,91,75,73,84.93150684931508,17.210788777144447
1635510733.1286273,1,91,91,72,72,86.11111111111113,9.58066925009003
1635510733.1286273,3,-54,90,70,70,88.57142857142858,-5.719742748496919
1635510733.1286273,8,-200,91,73,71,87.32394366197184,-20.35322914806883
1635510733.1286273,14,243,91,77,74,83.78378378378379,24.262318581404937
1635510733.6320643,7,-271,92,70,69,89.85507246376812,-26.686905839741105
1635510733.6320643,9,-129,91,71,71,87.32394366197184,-13.456406039455286
1635510733.6320643,2,18,90,70,71,87.32394366197184,1.9122294268504203
1635510733.6320643,15,167,91,75,73,84.93150684931508,17.210788777144447
1635510733.6320643,1,91,91,72,72,86.11111111111113,9.58066925009003
1635510733.6320643,3,-54,90,70,70,88.57142857142858,-5.719742748496919
1635510733.6320643,8,-200,91,73,71,87.32394366197184,-20.35322914806883
1635510733.6320643,14,243,91,77,73,84.93150684931508,24.262318581404937
1635510734.1335232,7,-271,92,70,70,88.57142857142858,-26.686905839741105
1635510734.1335232,9,-129,91,71,71,87.32394366197184,-13.456406039455286
1635510734.1335232,2,18,90,70,71,87.32394366197184,1.9122294268504203
1635510734.1335232,3,-54,90,70,70,88.57142857142858,-5.719742748496919
1635510734.1335232,14,243,91,77,73,84.93150684931508,24.262318581404937
1635510734.1335232,15,167,91,75,73,84.93150684931508,17.210788777144447
1635510734.1335232,1,91,91,72,72,86.11111111111113,9.58066925009003
1635510734.1335232,8,-200,91,73,71,87.32394366197184,-20.35322914806883
1635510734.637846,7,-271,92,70,69,89.85507246376812,-26.686905839741105
1635510734.637846,9,-129,91,71,71,87.32394366197184,-13.456406039455286
1635510734.637846,2,18,90,70,71,87.32394366197184,1.9122294268504203
1635510734.637846,3,-54,90,70,70,88.57142857142858,-5.719742748496919
1635510734.637846,15,167,91,75,73,84.93150684931508,17.210788777144447
1635510734.637846,1,91,91,72,72,86.11111111111113,9.58066925009003
1635510734.637846,8,-200,91,73,71,87.32394366197184,-20.35322914806883
1635510734.637846,14,243,91,77,74,83.78378378378379,24.262318581404937
1635510735.1085155,7,-271,92,70,69,89.85507246376812,-26.686905839741105
1635510735.1085155,9,-129,91,71,71,87.32394366197184,-13.456406039455286
1635510735.1085155,2,18,90,70,71,87.32394366197184,1.9122294268504203
1635510735.1085155,3,-54,90,70,70,88.57142857142858,-5.719742748496919
1635510735.1085155,14,243,91,77,73,84.93150684931508,24.262318581404937
1635510735.1085155,15,167,91,75,73,84.93150684931508,17.210788777144447
1635510735.1085155,1,91,91,72,72,86.11111111111113,9.58066925009003
1635510735.1085155,8,-200,91,73,71,87.32394366197184,-20.35322914806883
1635510735.593425,9,-129,91,71,71,87.32394366197184,-13.456406039455286
1635510735.593425,2,18,90,70,71,87.32394366197184,1.9122294268504203
1635510735.593425,3,-54,90,70,70,88.57142857142858,-5.719742748496919
1635510735.593425,7,-272,92,71,69,89.85507246376812,-26.771681119286118
1635510735.593425,15,167,91,75,73,84.93150684931508,17.210788777144447
1635510735.593425,1,91,91,72,72,86.11111111111113,9.58066925009003
1635510735.593425,8,-200,91,73,71,87.32394366197184,-20.35322914806883
1635510735.593425,14,243,91,77,73,84.93150684931508,24.262318581404937
1635510736.1305683,7,-271,92,70,69,89.85507246376812,-26.686905839741105
1635510736.1305683,9,-129,91,71,71,87.32394366197184,-13.456406039455286
1635510736.1305683,2,18,90,70,71,87.32394366197184,1.9122294268504203
1635510736.1305683,3,-54,90,70,70,88.57142857142858,-5.719742748496919
1635510736.1305683,15,167,91,75,73,84.93150684931508,17.210788777144447
1635510736.1305683,1,91,91,72,72,86.11111111111113,9.58066925009003
1635510736.1305683,8,-200,91,73,71,87.32394366197184,-20.35322914806883
1635510736.1305683,14,244,91,76,74,83.78378378378379,24.350587059891964
1635510736.6291122,7,-271,93,70,70,88.57142857142858,-26.686905839741105
1635510736.6291122,9,-129,91,71,71,87.32394366197184,-13.456406039455286
1635510736.6291122,2,18,90,70,71,87.32394366197184,1.9122294268504203
1635510736.6291122,3,-54,90,70,70,88.57142857142858,-5.719742748496919
1635510736.6291122,15,167,91,75,73,84.93150684931508,17.210788777144447
1635510736.6291122,1,91,91,72,72,86.11111111111113,9.58066925009003
1635510736.6291122,14,243,91,77,74,83.78378378378379,24.262318581404937
1635510736.6291122,8,-200,91,73,71,87.32394366197184,-20.35322914806883
1635510737.139184,7,-271,92,70,69,89.85507246376812,-26.686905839741105
1635510737.139184,9,-129,91,71,71,87.32394366197184,-13.456406039455286
1635510737.139184,2,18,90,70,71,87.32394366197184,1.9122294268504203
1635510737.139184,3,-54,90,70,70,88.57142857142858,-5.719742748496919
1635510737.139184,14,243,91,77,73,84.93150684931508,24.262318581404937
1635510737.139184,15,167,91,75,73,84.93150684931508,17.210788777144447
1635510737.139184,1,91,91,72,72,86.11111111111113,9.58066925009003
1635510737.139184,8,-200,91,73,71,87.32394366197184,-20.35322914806883
1635510737.6094646,7,-271,93,70,70,88.57142857142858,-26.686905839741105
1635510737.6094646,9,-129,91,71,71,87.32394366197184,-13.456406039455286
1635510737.6094646,2,18,90,70,71,87.32394366197184,1.9122294268504203
1635510737.6094646,3,-54,90,70,70,88.57142857142858,-5.719742748496919
1635510737.6094646,15,167,91,75,73,84.93150684931508,17.210788777144447
1635510737.6094646,1,91,91,72,72,86.11111111111113,9.58066925009003
1635510737.6094646,8,-200,92,73,72,86.11111111111113,-20.35322914806883
1635510737.6094646,14,243,91,77,74,83.78378378378379,24.262318581404937
1635510738.1344957,9,-129,91,71,71,87.32394366197184,-13.456406039455286
1635510738.1344957,2,18,90,70,71,87.32394366197184,1.9122294268504203
1635510738.1344957,3,-54,90,70,70,88.57142857142858,-5.719742748496919
1635510738.1344957,7,-272,92,71,69,89.85507246376812,-26.771681119286118
1635510738.1344957,15,167,91,75,73,84.93150684931508,17.210788777144447
1635510738.1344957,1,91,91,72,72,86.11111111111113,9.58066925009003
1635510738.1344957,8,-200,91,73,71,87.32394366197184,-20.35322914806883
1635510738.1344957,14,243,91,77,74,83.78378378378379,24.262318581404937
1635510738.6512704,7,-271,92,70,69,89.85507246376812,-26.686905839741105
1635510738.6512704,9,-129,91,71,71,87.32394366197184,-13.456406039455286
1635510738.6512704,2,18,90,70,71,87.32394366197184,1.9122294268504203
1635510738.6512704,3,-54,90,70,70,88.57142857142858,-5.719742748496919
1635510738.6512704,15,167,91,75,73,84.93150684931508,17.210788777144447
1635510738.6512704,1,91,91,72,72,86.11111111111113,9.58066925009003
1635510738.6512704,14,243,91,77,74,83.78378378378379,24.262318581404937
1635510738.6512704,8,-200,91,73,71,87.32394366197184,-20.35322914806883
1635510739.1623545,7,-271,93,70,70,88.57142857142858,-26.686905839741105
1635510739.1623545,9,-129,91,71,71,87.32394366197184,-13.456406039455286
1635510739.1623545,2,18,90,70,71,87.32394366197184,1.9122294268504203
1635510739.1623545,3,-54,90,70,70,88.57142857142858,-5.719742748496919
1635510739.1623545,15,167,91,75,73,84.93150684931508,17.210788777144447
1635510739.1623545,1,91,91,72,72,86.11111111111113,9.58066925009003
1635510739.1623545,8,-200,91,73,71,87.32394366197184,-20.35322914806883
1635510739.1623545,14,243,91,77,74,83.78378378378379,24.262318581404937
1635510739.641668,7,-272,92,71,69,89.85507246376812,-26.771681119286118
1635510739.641668,9,-129,91,71,71,87.32394366197184,-13.456406039455286
1635510739.641668,2,18,90,70,71,87.32394366197184,1.9122294268504203
1635510739.641668,15,167,91,75,73,84.93150684931508,17.210788777144447
1635510739.641668,1,91,91,72,72,86.11111111111113,9.58066925009003
1635510739.641668,3,-54,90,70,70,88.57142857142858,-5.719742748496919
1635510739.641668,8,-200,91,73,71,87.32394366197184,-20.35322914806883
1635510740.207806,7,-271,92,70,69,89.85507246376812,-26.686905839741105
1635510740.207806,9,-129,91,71,71,87.32394366197184,-13.456406039455286
1635510740.207806,2,18,90,70,71,87.32394366197184,1.9122294268504203
1635510740.207806,3,-54,90,70,70,88.57142857142858,-5.719742748496919
1635510740.207806,15,167,91,75,73,84.93150684931508,17.210788777144447
1635510740.207806,1,91,91,72,72,86.11111111111113,9.58066925009003
1635510740.207806,14,243,91,77,74,83.78378378378379,24.262318581404937
1635510740.207806,8,-200,91,73,71,87.32394366197184,-20.35322914806883
1635510740.7025983,7,-271,92,70,69,89.85507246376812,-26.686905839741105
1635510740.7025983,9,-129,91,71,71,87.32394366197184,-13.456406039455286
1635510740.7025983,2,18,90,70,71,87.32394366197184,1.9122294268504203
1635510740.7025983,14,243,91,77,73,84.93150684931508,24.262318581404937
1635510740.7025983,15,167,91,75,73,84.93150684931508,17.210788777144447
1635510740.7025983,1,91,91,72,72,86.11111111111113,9.58066925009003
1635510740.7025983,3,-54,90,70,70,88.57142857142858,-5.719742748496919
1635510740.7025983,8,-200,91,73,71,87.32394366197184,-20.35322914806883
1635510741.1618168,7,-271,93,70,73,84.93150684931508,-26.686905839741105
1635510741.1618168,9,-129,91,71,71,87.32394366197184,-13.456406039455286
1635510741.1618168,2,18,90,70,71,87.32394366197184,1.9122294268504203
1635510741.1618168,3,-54,90,70,70,88.57142857142858,-5.719742748496919
1635510741.1618168,15,167,91,75,73,84.93150684931508,17.210788777144447
1635510741.1618168,1,91,91,72,72,86.11111111111113,9.58066925009003
1635510741.1618168,8,-200,92,73,72,86.11111111111113,-20.35322914806883
1635510741.1618168,14,243,91,77,73,84.93150684931508,24.262318581404937
1635510741.6309733,9,-129,91,71,71,87.32394366197184,-13.456406039455286
1635510741.6309733,2,18,90,70,71,87.32394366197184,1.9122294268504203
1635510741.6309733,7,-271,93,70,73,84.93150684931508,-26.686905839741105
1635510741.6309733,15,167,91,75,73,84.93150684931508,17.210788777144447
1635510741.6309733,1,91,91,72,72,86.11111111111113,9.58066925009003
1635510741.6309733,3,-54,90,70,70,88.57142857142858,-5.719742748496919
1635510741.6309733,8,-200,91,73,71,87.32394366197184,-20.35322914806883
1635510742.197477,9,-129,91,71,71,87.32394366197184,-13.456406039455286
1635510742.197477,2,18,90,70,71,87.32394366197184,1.9122294268504203
1635510742.197477,3,-54,90,70,70,88.57142857142858,-5.719742748496919
1635510742.197477,7,-271,93,70,70,88.57142857142858,-26.686905839741105
1635510742.197477,15,167,91,75,73,84.93150684931508,17.210788777144447
1635510742.197477,1,91,91,72,72,86.11111111111113,9.58066925009003
1635510742.197477,8,-200,91,73,71,87.32394366197184,-20.35322914806883
1635510742.197477,14,243,91,77,73,84.93150684931508,24.262318581404937
1635510742.7395592,7,-271,92,70,69,89.85507246376812,-26.686905839741105
1635510742.7395592,9,-129,91,71,71,87.32394366197184,-13.456406039455286
1635510742.7395592,2,18,90,70,71,87.32394366197184,1.9122294268504203
1635510742.7395592,15,168,91,76,73,84.93150684931508,17.307708014004547
1635510742.7395592,1,91,91,72,72,86.11111111111113,9.58066925009003
1635510742.7395592,3,-54,90,70,70,88.57142857142858,-5.719742748496919
1635510742.7395592,14,243,91,77,73,84.93150684931508,24.262318581404937
1635510742.7395592,8,-200,91,73,71,87.32394366197184,-20.35322914806883
1635510743.2079082,7,-271,93,70,70,88.57142857142858,-26.686905839741105
1635510743.2079082,9,-129,91,71,71,87.32394366197184,-13.456406039455286
1635510743.2079082,2,18,90,70,71,87.32394366197184,1.9122294268504203
1635510743.2079082,3,-54,90,70,70,88.57142857142858,-5.719742748496919
1635510743.2079082,15,167,91,75,73,84.93150684931508,17.210788777144447
1635510743.2079082,1,91,91,72,72,86.11111111111113,9.58066925009003
1635510743.2079082,14,243,91,77,74,83.78378378378379,24.262318581404937
1635510743.2079082,8,-200,91,73,71,87.32394366197184,-20.35322914806883
1635510743.7372723,7,-271,93,70,73,84.93150684931508,-26.686905839741105
1635510743.7372723,9,-129,91,71,71,87.32394366197184,-13.456406039455286
1635510743.7372723,2,18,90,70,71,87.32394366197184,1.9122294268504203
1635510743.7372723,14,243,91,77,73,84.93150684931508,24.262318581404937
1635510743.7372723,15,167,91,75,73,84.93150684931508,17.210788777144447
1635510743.7372723,1,91,91,72,72,86.11111111111113,9.58066925009003
1635510743.7372723,3,-54,90,70,70,88.57142857142858,-5.719742748496919
1635510743.7372723,8,-200,91,73,71,87.32394366197184,-20.35322914806883
1635510744.2400568,7,-272,93,71,73,84.93150684931508,-26.771681119286118
1635510744.2400568,9,-129,91,71,71,87.32394366197184,-13.456406039455286
1635510744.2400568,2,18,90,70,71,87.32394366197184,1.9122294268504203
1635510744.2400568,3,-54,90,70,70,88.57142857142858,-5.719742748496919
1635510744.2400568,15,167,91,75,73,84.93150684931508,17.210788777144447
1635510744.2400568,8,-200,91,73,71,87.32394366197184,-20.35322914806883
1635510744.2400568,1,91,91,72,72,86.11111111111113,9.58066925009003
1635510744.2400568,14,243,91,77,73,84.93150684931508,24.262318581404937
1635510744.7886395,7,-271,93,70,73,84.93150684931508,-26.686905839741105
1635510744.7886395,9,-129,91,71,71,87.32394366197184,-13.456406039455286
1635510744.7886395,15,167,91,75,73,84.93150684931508,17.210788777144447
1635510744.7886395,1,91,91,72,72,86.11111111111113,9.58066925009003
1635510744.7886395,3,-54,90,70,70,88.57142857142858,-5.719742748496919
1635510744.7886395,8,-200,91,73,71,87.32394366197184,-20.35322914806883
1635510744.7886395,14,243,91,77,73,84.93150684931508,24.262318581404937
1635510745.325405,7,-272,93,71,70,88.57142857142858,-26.771681119286118
1635510745.325405,9,-129,91,71,71,87.32394366197184,-13.456406039455286
1635510745.325405,2,18,90,70,71,87.32394366197184,1.9122294268504203
1635510745.325405,3,-54,90,70,70,88.57142857142858,-5.719742748496919
1635510745.325405,15,168,91,76,73,84.93150684931508,17.307708014004547
1635510745.325405,1,91,91,72,72,86.11111111111113,9.58066925009003
1635510745.325405,14,243,91,77,74,83.78378378378379,24.262318581404937
1635510745.325405,8,-200,91,73,71,87.32394366197184,-20.35322914806883
1635510745.8738418,7,-271,92,70,71,87.32394366197184,-26.686905839741105
1635510745.8738418,9,-129,91,71,71,87.32394366197184,-13.456406039455286
1635510745.8738418,2,18,90,70,71,87.32394366197184,1.9122294268504203
1635510745.8738418,3,-54,90,70,70,88.57142857142858,-5.719742748496919
1635510745.8738418,15,167,91,75,73,84.93150684931508,17.210788777144447
1635510745.8738418,1,91,91,72,72,86.11111111111113,9.58066925009003
1635510745.8738418,8,-200,91,73,71,87.32394366197184,-20.35322914806883
1635510745.8738418,14,243,91,77,73,84.93150684931508,24.262318581404937
1635510746.4174163,7,-271,93,70,70,88.57142857142858,-26.686905839741105
1635510746.4174163,9,-129,91,71,71,87.32394366197184,-13.456406039455286
1635510746.4174163,2,18,90,70,71,87.32394366197184,1.9122294268504203
1635510746.4174163,3,-54,90,70,70,88.57142857142858,-5.719742748496919
1635510746.4174163,15,167,91,75,73,84.93150684931508,17.210788777144447
1635510746.4174163,1,91,91,72,72,86.11111111111113,9.58066925009003
1635510746.4174163,8,-200,91,73,71,87.32394366197184,-20.35322914806883
1635510746.4174163,14,243,91,77,74,83.78378378378379,24.262318581404937
1635510746.9501548,7,-271,93,70,70,88.57142857142858,-26.686905839741105
1635510746.9501548,9,-129,91,71,71,87.32394366197184,-13.456406039455286
1635510746.9501548,2,18,90,70,71,87.32394366197184,1.9122294268504203
1635510746.9501548,15,167,91,75,73,84.93150684931508,17.210788777144447
1635510746.9501548,1,91,91,72,72,86.11111111111113,9.58066925009003
1635510746.9501548,3,-54,90,70,70,88.57142857142858,-5.719742748496919
1635510746.9501548,8,-200,91,73,71,87.32394366197184,-20.35322914806883
1635510746.9501548,14,243,91,77,73,84.93150684931508,24.262318581404937
1635510747.477639,7,-272,93,71,73,84.93150684931508,-26.771681119286118
1635510747.477639,9,-129,91,71,71,87.32394366197184,-13.456406039455286
1635510747.477639,2,18,90,70,71,87.32394366197184,1.9122294268504203
1635510747.477639,14,243,91,77,73,84.93150684931508,24.262318581404937
1635510747.477639,15,167,91,75,73,84.93150684931508,17.210788777144447
1635510747.477639,1,91,91,72,72,86.11111111111113,9.58066925009003
1635510747.477639,3,-54,90,70,70,88.57142857142858,-5.719742748496919
1635510747.477639,8,-200,91,73,71,87.32394366197184,-20.35322914806883
1635510747.9500153,7,-272,93,71,73,84.93150684931508,-26.771681119286118
1635510747.9500153,9,-129,91,71,71,87.32394366197184,-13.456406039455286
1635510747.9500153,2,18,90,70,71,87.32394366197184,1.9122294268504203
1635510747.9500153,14,243,91,77,73,84.93150684931508,24.262318581404937
1635510747.9500153,15,167,91,75,73,84.93150684931508,17.210788777144447
1635510747.9500153,1,91,91,72,72,86.11111111111113,9.58066925009003
1635510747.9500153,3,-54,90,70,70,88.57142857142858,-5.719742748496919
1635510747.9500153,8,-200,92,73,72,86.11111111111113,-20.35322914806883
1635510748.4253125,7,-271,92,70,71,87.32394366197184,-26.686905839741105
1635510748.4253125,9,-129,91,71,71,87.32394366197184,-13.456406039455286
1635510748.4253125,2,18,90,70,71,87.32394366197184,1.9122294268504203
1635510748.4253125,15,167,91,75,73,84.93150684931508,17.210788777144447
1635510748.4253125,1,91,90,72,73,84.93150684931508,9.58066925009003
1635510748.4253125,3,-54,90,70,70,88.57142857142858,-5.719742748496919
1635510748.4253125,14,243,91,77,73,84.93150684931508,24.262318581404937
1635510748.4253125,8,-200,91,73,71,87.32394366197184,-20.35322914806883
1635510748.9088643,7,-271,93,70,73,84.93150684931508,-26.686905839741105
1635510748.9088643,9,-129,91,71,71,87.32394366197184,-13.456406039455286
1635510748.9088643,2,18,90,70,71,87.32394366197184,1.9122294268504203
1635510748.9088643,14,243,91,77,73,84.93150684931508,24.262318581404937
1635510748.9088643,15,167,91,75,73,84.93150684931508,17.210788777144447
1635510748.9088643,1,91,91,72,72,86.11111111111113,9.58066925009003
1635510748.9088643,3,-54,90,70,70,88.57142857142858,-5.719742748496919
1635510748.9088643,8,-200,91,73,71,87.32394366197184,-20.35322914806883
1635510749.3827057,7,-271,93,70,70,88.57142857142858,-26.686905839741105
1635510749.3827057,9,-129,91,71,71,87.32394366197184,-13.456406039455286
1635510749.3827057,2,18,90,70,71,87.32394366197184,1.9122294268504203
1635510749.3827057,3,-54,90,70,70,88.57142857142858,-5.719742748496919
1635510749.3827057,15,167,91,75,73,84.93150684931508,17.210788777144447
1635510749.3827057,1,91,91,72,72,86.11111111111113,9.58066925009003
1635510749.3827057,14,243,91,77,74,83.78378378378379,24.262318581404937
1635510749.3827057,8,-200,91,73,71,87.32394366197184,-20.35322914806883
1635510749.880426,7,-271,93,70,70,88.57142857142858,-26.686905839741105
1635510749.880426,9,-129,91,71,71,87.32394366197184,-13.456406039455286
1635510749.880426,2,18,90,70,71,87.32394366197184,1.9122294268504203
1635510749.880426,15,167,91,75,73,84.93150684931508,17.210788777144447
1635510749.880426,1,91,91,72,72,86.11111111111113,9.58066925009003
1635510749.880426,3,-54,90,70,70,88.57142857142858,-5.719742748496919
1635510749.880426,8,-200,91,73,71,87.32394366197184,-20.35322914806883
1635510750.4658768,7,-272,93,71,73,84.93150684931508,-26.771681119286118
1635510750.4658768,9,-129,91,71,71,87.32394366197184,-13.456406039455286
1635510750.4658768,2,18,90,70,71,87.32394366197184,1.9122294268504203
1635510750.4658768,15,167,91,75,73,84.93150684931508,17.210788777144447
1635510750.4658768,1,91,90,72,73,84.93150684931508,9.58066925009003
1635510750.4658768,3,-54,90,70,70,88.57142857142858,-5.719742748496919
1635510750.4658768,8,-200,91,73,71,87.32394366197184,-20.35322914806883
1635510750.4658768,14,243,91,77,74,83.78378378378379,24.262318581404937
1635510750.9521267,7,-271,93,70,70,88.57142857142858,-26.686905839741105
1635510750.9521267,9,-129,91,71,71,87.32394366197184,-13.456406039455286
1635510750.9521267,2,18,90,70,71,87.32394366197184,1.9122294268504203
1635510750.9521267,3,-54,90,70,70,88.57142857142858,-5.719742748496919
1635510750.9521267,14,243,91,77,73,84.93150684931508,24.262318581404937
1635510750.9521267,15,167,91,75,73,84.93150684931508,17.210788777144447
1635510750.9521267,1,91,91,72,72,86.11111111111113,9.58066925009003
1635510750.9521267,8,-200,91,73,71,87.32394366197184,-20.35322914806883
1635510751.4370072,7,-271,93,70,70,88.57142857142858,-26.686905839741105
1635510751.4370072,9,-129,91,72,71,87.32394366197184,-13.456406039455286
1635510751.4370072,2,18,90,70,71,87.32394366197184,1.9122294268504203
1635510751.4370072,15,167,91,75,73,84.93150684931508,17.210788777144447
1635510751.4370072,1,91,91,72,72,86.11111111111113,9.58066925009003
1635510751.4370072,3,-54,90,70,70,88.57142857142858,-5.719742748496919
1635510751.4370072,8,-200,91,73,71,87.32394366197184,-20.35322914806883
1635510751.4370072,14,243,91,77,74,83.78378378378379,24.262318581404937
1635510751.9199777,7,-271,92,70,71,87.32394366197184,-26.686905839741105
1635510751.9199777,2,18,90,70,71,87.32394366197184,1.9122294268504203
1635510751.9199777,15,167,91,75,73,84.93150684931508,17.210788777144447
1635510751.9199777,9,-129,91,71,71,87.32394366197184,-13.456406039455286
1635510751.9199777,1,91,91,72,72,86.11111111111113,9.58066925009003
1635510751.9199777,3,-54,90,70,70,88.57142857142858,-5.719742748496919
1635510751.9199777,8,-200,91,73,71,87.32394366197184,-20.35322914806883
1635510751.9199777,14,243,91,77,74,83.78378378378379,24.262318581404937
1635510752.4536638,7,-271,93,70,73,84.93150684931508,-26.686905839741105
1635510752.4536638,9,-129,91,71,71,87.32394366197184,-13.456406039455286
1635510752.4536638,2,18,90,70,71,87.32394366197184,1.9122294268504203
1635510752.4536638,15,167,91,75,73,84.93150684931508,17.210788777144447
1635510752.4536638,1,91,91,72,72,86.11111111111113,9.58066925009003
1635510752.4536638,3,-54,90,70,70,88.57142857142858,-5.719742748496919
1635510752.4536638,8,-200,91,73,71,87.32394366197184,-20.35322914806883
1635510752.4536638,14,243,91,77,73,84.93150684931508,24.262318581404937
1635510752.9786398,7,-271,93,70,70,88.57142857142858,-26.686905839741105
1635510752.9786398,9,-129,91,71,71,87.32394366197184,-13.456406039455286
1635510752.9786398,2,18,90,70,71,87.32394366197184,1.9122294268504203
1635510752.9786398,3,-54,90,70,70,88.57142857142858,-5.719742748496919
1635510752.9786398,15,167,91,75,73,84.93150684931508,17.210788777144447
1635510752.9786398,1,91,91,72,72,86.11111111111113,9.58066925009003
1635510752.9786398,8,-200,91,73,71,87.32394366197184,-20.35322914806883
1635510752.9786398,14,243,91,77,74,83.78378378378379,24.262318581404937
1635510753.5070877,9,-129,91,71,71,87.32394366197184,-13.456406039455286
1635510753.5070877,2,18,90,70,71,87.32394366197184,1.9122294268504203
1635510753.5070877,7,-271,93,70,73,84.93150684931508,-26.686905839741105
1635510753.5070877,15,167,91,75,73,84.93150684931508,17.210788777144447
1635510753.5070877,1,91,91,72,72,86.11111111111113,9.58066925009003
1635510753.5070877,3,-54,90,70,70,88.57142857142858,-5.719742748496919
1635510753.5070877,8,-200,91,73,71,87.32394366197184,-20.35322914806883
1635510753.5070877,14,243,91,77,74,83.78378378378379,24.262318581404937
1635510754.051223,7,-271,93,70,70,88.57142857142858,-26.686905839741105
1635510754.051223,9,-129,91,71,71,87.32394366197184,-13.456406039455286
1635510754.051223,2,18,90,70,71,87.32394366197184,1.9122294268504203
1635510754.051223,15,167,91,75,73,84.93150684931508,17.210788777144447
1635510754.051223,1,91,91,72,72,86.11111111111113,9.58066925009003
1635510754.051223,3,-54,90,70,70,88.57142857142858,-5.719742748496919
1635510754.051223,8,-200,91,73,71,87.32394366197184,-20.35322914806883
1635510754.051223,14,243,91,77,74,83.78378378378379,24.262318581404937
1635510754.5174084,9,-129,91,71,71,87.32394366197184,-13.456406039455286
1635510754.5174084,2,18,90,70,71,87.32394366197184,1.9122294268504203
1635510754.5174084,7,-271,93,70,73,84.93150684931508,-26.686905839741105
1635510754.5174084,15,167,91,75,73,84.93150684931508,17.210788777144447
1635510754.5174084,1,91,91,72,72,86.11111111111113,9.58066925009003
1635510754.5174084,3,-54,90,70,70,88.57142857142858,-5.719742748496919
1635510754.5174084,8,-200,91,72,71,87.32394366197184,-20.35322914806883
1635510754.5174084,14,243,91,77,74,83.78378378378379,24.262318581404937
1635510755.011616,7,-271,93,70,70,88.57142857142858,-26.686905839741105
1635510755.011616,9,-129,91,71,71,87.32394366197184,-13.456406039455286
1635510755.011616,2,18,90,70,71,87.32394366197184,1.9122294268504203
1635510755.011616,14,243,91,77,74,83.78378378378379,24.262318581404937
1635510755.011616,15,167,91,75,73,84.93150684931508,17.210788777144447
1635510755.011616,1,91,90,72,73,84.93150684931508,9.58066925009003
1635510755.011616,8,-200,91,73,71,87.32394366197184,-20.35322914806883
1635510755.607124,7,-271,93,70,70,88.57142857142858,-26.686905839741105
1635510755.607124,9,-129,91,71,71,87.32394366197184,-13.456406039455286
1635510755.607124,2,18,90,70,71,87.32394366197184,1.9122294268504203
1635510755.607124,14,243,92,77,72,86.11111111111113,24.262318581404937
1635510755.607124,15,167,91,75,73,84.93150684931508,17.210788777144447
1635510755.607124,1,91,91,72,72,86.11111111111113,9.58066925009003
1635510755.607124,3,-54,90,70,70,88.57142857142858,-5.719742748496919
1635510755.607124,8,-200,91,73,71,87.32394366197184,-20.35322914806883
1635510756.068414,7,-271,93,70,73,84.93150684931508,-26.686905839741105
1635510756.068414,9,-129,91,71,71,87.32394366197184,-13.456406039455286
1635510756.068414,2,18,90,70,71,87.32394366197184,1.9122294268504203
1635510756.068414,14,243,92,77,72,86.11111111111113,24.262318581404937
1635510756.068414,15,167,92,75,72,86.11111111111113,17.210788777144447
1635510756.068414,1,91,91,72,72,86.11111111111113,9.58066925009003
1635510756.068414,3,-54,90,70,70,88.57142857142858,-5.719742748496919
1635510756.068414,8,-200,91,73,71,87.32394366197184,-20.35322914806883
1635510756.5421333,7,-272,93,71,70,88.57142857142858,-26.771681119286118
1635510756.5421333,9,-129,91,71,71,87.32394366197184,-13.456406039455286
1635510756.5421333,2,18,90,70,71,87.32394366197184,1.9122294268504203
1635510756.5421333,15,167,91,75,73,84.93150684931508,17.210788777144447
1635510756.5421333,1,91,91,72,72,86.11111111111113,9.58066925009003
1635510756.5421333,3,-54,90,70,70,88.57142857142858,-5.719742748496919
1635510756.5421333,8,-200,91,73,71,87.32394366197184,-20.35322914806883
1635510756.5421333,14,243,91,77,74,83.78378378378379,24.262318581404937
1635510757.0441344,7,-272,93,71,73,84.93150684931508,-26.771681119286118
1635510757.0441344,9,-129,91,71,71,87.32394366197184,-13.456406039455286
1635510757.0441344,2,18,90,70,71,87.32394366197184,1.9122294268504203
1635510757.0441344,14,243,91,77,73,84.93150684931508,24.262318581404937
1635510757.0441344,15,167,91,75,73,84.93150684931508,17.210788777144447
1635510757.0441344,1,91,91,72,72,86.11111111111113,9.58066925009003
1635510757.0441344,3,-54,90,70,70,88.57142857142858,-5.719742748496919
1635510757.0441344,8,-200,91,73,71,87.32394366197184,-20.35322914806883
1635510757.574339,7,-272,93,71,70,88.57142857142858,-26.771681119286118
1635510757.574339,9,-129,91,71,71,87.32394366197184,-13.456406039455286
1635510757.574339,2,18,90,70,71,87.32394366197184,1.9122294268504203
1635510757.574339,15,167,91,75,73,84.93150684931508,17.210788777144447
1635510757.574339,1,91,91,72,72,86.11111111111113,9.58066925009003
1635510757.574339,3,-54,90,70,70,88.57142857142858,-5.719742748496919
1635510757.574339,8,-200,91,73,71,87.32394366197184,-20.35322914806883
1635510757.574339,14,244,91,76,74,83.78378378378379,24.350587059891964
1635510758.0600612,7,-272,93,71,70,88.57142857142858,-26.771681119286118
1635510758.0600612,9,-129,91,71,71,87.32394366197184,-13.456406039455286
1635510758.0600612,2,18,90,70,71,87.32394366197184,1.9122294268504203
1635510758.0600612,14,243,92,77,72,86.11111111111113,24.262318581404937
1635510758.0600612,15,167,91,75,73,84.93150684931508,17.210788777144447
1635510758.0600612,1,91,91,72,72,86.11111111111113,9.58066925009003
1635510758.0600612,3,-54,90,70,70,88.57142857142858,-5.719742748496919
1635510758.0600612,8,-200,91,73,71,87.32394366197184,-20.35322914806883
1635510758.560873,9,-129,91,71,70,88.57142857142858,-13.456406039455286
1635510758.560873,2,18,90,70,71,87.32394366197184,1.9122294268504203
1635510758.560873,7,-272,93,71,70,88.57142857142858,-26.771681119286118
1635510758.560873,15,167,91,75,73,84.93150684931508,17.210788777144447
1635510758.560873,1,91,90,72,73,84.93150684931508,9.58066925009003
1635510758.560873,3,-54,90,70,70,88.57142857142858,-5.719742748496919
1635510758.560873,8,-200,91,73,71,87.32394366197184,-20.35322914806883
1635510758.560873,14,243,91,77,74,83.78378378378379,24.262318581404937
1635510759.0775673,7,-271,93,70,70,88.57142857142858,-26.686905839741105
1635510759.0775673,9,-129,91,71,71,87.32394366197184,-13.456406039455286
1635510759.0775673,2,18,90,70,71,87.32394366197184,1.9122294268504203
1635510759.0775673,14,243,91,77,73,84.93150684931508,24.262318581404937
1635510759.0775673,15,167,91,75,73,84.93150684931508,17.210788777144447
1635510759.0775673,1,91,91,72,72,86.11111111111113,9.58066925009003
1635510759.0775673,3,-54,90,70,70,88.57142857142858,-5.719742748496919
1635510759.0775673,8,-200,91,73,71,87.32394366197184,-20.35322914806883
1635510759.566317,7,-271,93,70,70,88.57142857142858,-26.686905839741105
1635510759.566317,9,-129,91,71,71,87.32394366197184,-13.456406039455286
1635510759.566317,2,18,90,70,71,87.32394366197184,1.9122294268504203
1635510759.566317,15,167,91,75,73,84.93150684931508,17.210788777144447
1635510759.566317,1,91,91,72,72,86.11111111111113,9.58066925009003
1635510759.566317,3,-54,90,70,70,88.57142857142858,-5.719742748496919
1635510759.566317,8,-200,91,73,71,87.32394366197184,-20.35322914806883
1635510759.566317,14,243,91,77,73,84.93150684931508,24.262318581404937
1635510760.087371,7,-272,93,71,70,88.57142857142858,-26.771681119286118
1635510760.087371,9,-129,91,71,71,87.32394366197184,-13.456406039455286
1635510760.087371,2,18,90,70,71,87.32394366197184,1.9122294268504203
1635510760.087371,14,243,91,77,73,84.93150684931508,24.262318581404937
1635510760.087371,15,167,91,75,73,84.93150684931508,17.210788777144447
1635510760.087371,1,91,90,72,73,84.93150684931508,9.58066925009003
1635510760.087371,3,-54,90,70,70,88.57142857142858,-5.719742748496919
1635510760.087371,8,-200,91,73,71,87.32394366197184,-20.35322914806883
1635510760.5515828,7,-272,93,71,70,88.57142857142858,-26.771681119286118
1635510760.5515828,9,-129,91,71,71,87.32394366197184,-13.456406039455286
1635510760.5515828,2,18,90,70,71,87.32394366197184,1.9122294268504203
1635510760.5515828,15,167,91,75,73,84.93150684931508,17.210788777144447
1635510760.5515828,1,91,91,72,72,86.11111111111113,9.58066925009003
1635510760.5515828,3,-54,90,70,70,88.57142857142858,-5.719742748496919
1635510760.5515828,8,-200,91,72,71,87.32394366197184,-20.35322914806883
1635510760.5515828,14,243,91,77,74,83.78378378378379,24.262318581404937
1635510761.077326,7,-272,93,71,70,88.57142857142858,-26.771681119286118
1635510761.077326,9,-129,91,71,71,87.32394366197184,-13.456406039455286
1635510761.077326,2,18,90,70,71,87.32394366197184,1.9122294268504203
1635510761.077326,15,167,91,75,73,84.93150684931508,17.210788777144447
1635510761.077326,1,91,91,72,72,86.11111111111113,9.58066925009003
1635510761.077326,3,-54,90,70,71,87.32394366197184,-5.719742748496919
1635510761.077326,8,-200,91,73,71,87.32394366197184,-20.35322914806883
1635510761.077326,14,243,91,77,74,83.78378378378379,24.262318581404937
1635510761.5970538,7,-271,92,70,71,87.32394366197184,-26.686905839741105
1635510761.5970538,9,-129,91,71,71,87.32394366197184,-13.456406039455286
1635510761.5970538,2,18,90,70,71,87.32394366197184,1.9122294268504203
1635510761.5970538,14,243,91,77,74,83.78378378378379,24.262318581404937
1635510761.5970538,15,167,91,75,73,84.93150684931508,17.210788777144447
1635510761.5970538,1,91,91,72,72,86.11111111111113,9.58066925009003
1635510761.5970538,3,-54,90,70,70,88.57142857142858,-5.719742748496919
1635510761.5970538,8,-200,91,73,71,87.32394366197184,-20.35322914806883
1635510762.0407653,7,-271,93,70,70,88.57142857142858,-26.686905839741105
1635510762.0407653,9,-129,91,71,71,87.32394366197184,-13.456406039455286
1635510762.0407653,2,18,90,70,71,87.32394366197184,1.9122294268504203
1635510762.0407653,15,167,91,75,73,84.93150684931508,17.210788777144447
1635510762.0407653,1,91,91,72,72,86.11111111111113,9.58066925009003
1635510762.0407653,3,-54,90,70,70,88.57142857142858,-5.719742748496919
1635510762.0407653,8,-200,91,73,71,87.32394366197184,-20.35322914806883
1635510762.0407653,14,243,91,77,74,83.78378378378379,24.262318581404937
1635510762.54734,7,-271,93,70,70,88.57142857142858,-26.686905839741105
1635510762.54734,9,-129,91,71,71,87.32394366197184,-13.456406039455286
1635510762.54734,2,18,90,70,71,87.32394366197184,1.9122294268504203
1635510762.54734,15,167,91,75,73,84.93150684931508,17.210788777144447
1635510762.54734,1,91,91,72,72,86.11111111111113,9.58066925009003
1635510762.54734,3,-54,90,70,70,88.57142857142858,-5.719742748496919
1635510762.54734,8,-200,91,73,71,87.32394366197184,-20.35322914806883
1635510762.54734,14,243,91,77,73,84.93150684931508,24.262318581404937
1635510763.0297072,7,-271,93,70,70,88.57142857142858,-26.686905839741105
1635510763.0297072,9,-129,91,71,70,88.57142857142858,-13.456406039455286
1635510763.0297072,2,18,90,70,71,87.32394366197184,1.9122294268504203
1635510763.0297072,14,243,90,77,75,82.66666666666669,24.262318581404937
1635510763.0297072,15,167,91,75,73,84.93150684931508,17.210788777144447
1635510763.0297072,1,91,91,72,72,86.11111111111113,9.58066925009003
1635510763.0297072,3,-54,90,70,70,88.57142857142858,-5.719742748496919
1635510763.0297072,8,-200,91,73,71,87.32394366197184,-20.35322914806883
1635510763.5466106,7,-271,92,70,71,87.32394366197184,-26.686905839741105
1635510763.5466106,9,-129,91,71,71,87.32394366197184,-13.456406039455286
1635510763.5466106,2,18,90,70,71,87.32394366197184,1.9122294268504203
1635510763.5466106,15,167,91,75,73,84.93150684931508,17.210788777144447
1635510763.5466106,1,91,91,72,72,86.11111111111113,9.58066925009003
1635510763.5466106,3,-54,90,70,70,88.57142857142858,-5.719742748496919
1635510763.5466106,8,-200,91,73,71,87.32394366197184,-20.35322914806883
1635510763.5466106,14,243,91,77,74,83.78378378378379,24.262318581404937
1635510764.0796072,7,-271,93,70,70,88.57142857142858,-26.686905839741105
1635510764.0796072,9,-129,91,71,71,87.32394366197184,-13.456406039455286
1635510764.0796072,2,18,90,70,71,87.32394366197184,1.9122294268504203
1635510764.0796072,15,167,91,75,73,84.93150684931508,17.210788777144447
1635510764.0796072,1,91,90,72,73,84.93150684931508,9.58066925009003
1635510764.0796072,3,-54,90,70,70,88.57142857142858,-5.719742748496919
1635510764.0796072,8,-200,91,73,71,87.32394366197184,-20.35322914806883
1635510764.0796072,14,243,91,77,73,84.93150684931508,24.262318581404937
1635510764.620982,7,-271,93,70,70,88.57142857142858,-26.686905839741105
1635510764.620982,9,-129,91,71,71,87.32394366197184,-13.456406039455286
1635510764.620982,2,18,90,70,71,87.32394366197184,1.9122294268504203
1635510764.620982,15,167,91,75,73,84.93150684931508,17.210788777144447
1635510764.620982,1,91,91,72,72,86.11111111111113,9.58066925009003
1635510764.620982,3,-54,90,70,70,88.57142857142858,-5.719742748496919
1635510764.620982,8,-200,91,73,71,87.32394366197184,-20.35322914806883
1635510764.620982,14,243,91,77,73,84.93150684931508,24.262318581404937
1635510765.111126,7,-271,93,70,73,84.93150684931508,-26.686905839741105
1635510765.111126,9,-129,91,71,71,87.32394366197184,-13.456406039455286
1635510765.111126,2,18,90,70,71,87.32394366197184,1.9122294268504203
1635510765.111126,15,167,91,75,73,84.93150684931508,17.210788777144447
1635510765.111126,1,91,91,72,72,86.11111111111113,9.58066925009003
1635510765.111126,3,-54,90,70,70,88.57142857142858,-5.719742748496919
1635510765.111126,8,-200,91,73,71,87.32394366197184,-20.35322914806883
1635510765.111126,14,243,91,77,73,84.93150684931508,24.262318581404937
1635510765.60875,7,-272,93,71,70,88.57142857142858,-26.771681119286118
1635510765.60875,9,-129,91,71,71,87.32394366197184,-13.456406039455286
1635510765.60875,2,18,90,70,71,87.32394366197184,1.9122294268504203
1635510765.60875,15,167,91,75,73,84.93150684931508,17.210788777144447
1635510765.60875,1,91,91,72,72,86.11111111111113,9.58066925009003
1635510765.60875,3,-54,90,70,70,88.57142857142858,-5.719742748496919
1635510765.60875,8,-200,91,73,71,87.32394366197184,-20.35322914806883
1635510765.60875,14,243,91,77,73,84.93150684931508,24.262318581404937
1635510766.1448817,7,-272,93,71,70,88.57142857142858,-26.771681119286118
1635510766.1448817,9,-129,91,71,71,87.32394366197184,-13.456406039455286
1635510766.1448817,2,18,90,70,71,87.32394366197184,1.9122294268504203
1635510766.1448817,15,167,91,75,73,84.93150684931508,17.210788777144447
1635510766.1448817,1,91,91,72,72,86.11111111111113,9.58066925009003
1635510766.1448817,3,-54,90,70,70,88.57142857142858,-5.719742748496919
1635510766.1448817,8,-200,91,73,71,87.32394366197184,-20.35322914806883
1635510766.1448817,14,243,91,77,74,83.78378378378379,24.262318581404937
1635510766.690941,7,-271,93,70,70,88.57142857142858,-26.686905839741105
1635510766.690941,9,-129,91,72,71,87.32394366197184,-13.456406039455286
1635510766.690941,2,18,90,70,71,87.32394366197184,1.9122294268504203
1635510766.690941,15,167,91,75,73,84.93150684931508,17.210788777144447
1635510766.690941,1,91,91,72,72,86.11111111111113,9.58066925009003
1635510766.690941,3,-54,90,70,70,88.57142857142858,-5.719742748496919
1635510766.690941,8,-200,91,73,71,87.32394366197184,-20.35322914806883
1635510766.690941,14,243,90,77,76,81.57894736842107,24.262318581404937
1635510767.2178705,7,-271,93,70,73,84.93150684931508,-26.686905839741105
1635510767.2178705,9,-129,91,71,71,87.32394366197184,-13.456406039455286
1635510767.2178705,2,18,90,70,71,87.32394366197184,1.9122294268504203
1635510767.2178705,15,167,91,75,73,84.93150684931508,17.210788777144447
1635510767.2178705,1,91,91,72,72,86.11111111111113,9.58066925009003
1635510767.2178705,3,-54,90,70,70,88.57142857142858,-5.719742748496919
1635510767.2178705,8,-200,91,73,71,87.32394366197184,-20.35322914806883
1635510767.2178705,14,243,91,77,74,83.78378378378379,24.262318581404937
1635510767.7270494,7,-272,93,71,70,88.57142857142858,-26.771681119286118
1635510767.7270494,9,-129,91,71,71,87.32394366197184,-13.456406039455286
1635510767.7270494,2,18,90,70,71,87.32394366197184,1.9122294268504203
1635510767.7270494,14,243,91,77,73,84.93150684931508,24.262318581404937
1635510767.7270494,15,167,91,75,73,84.93150684931508,17.210788777144447
1635510767.7270494,1,91,91,72,72,86.11111111111113,9.58066925009003
1635510767.7270494,3,-54,90,70,70,88.57142857142858,-5.719742748496919
1635510767.7270494,8,-200,91,73,71,87.32394366197184,-20.35322914806883
1635510768.233267,9,-129,91,71,70,88.57142857142858,-13.456406039455286
1635510768.233267,2,18,90,70,71,87.32394366197184,1.9122294268504203
1635510768.233267,7,-271,93,70,70,88.57142857142858,-26.686905839741105
1635510768.233267,15,167,91,75,73,84.93150684931508,17.210788777144447
1635510768.233267,1,91,91,72,72,86.11111111111113,9.58066925009003
1635510768.233267,3,-54,90,70,70,88.57142857142858,-5.719742748496919
1635510768.233267,8,-200,91,73,71,87.32394366197184,-20.35322914806883
1635510768.233267,14,243,91,77,74,83.78378378378379,24.262318581404937
1635510768.7545774,7,-272,92,71,71,87.32394366197184,-26.771681119286118
1635510768.7545774,9,-129,91,71,71,87.32394366197184,-13.456406039455286
1635510768.7545774,2,18,90,70,71,87.32394366197184,1.9122294268504203
1635510768.7545774,14,243,91,77,73,84.93150684931508,24.262318581404937
1635510768.7545774,15,167,91,75,73,84.93150684931508,17.210788777144447
1635510768.7545774,1,91,90,72,73,84.93150684931508,9.58066925009003
1635510768.7545774,3,-54,90,70,70,88.57142857142858,-5.719742748496919
1635510768.7545774,8,-200,91,73,71,87.32394366197184,-20.35322914806883
1635510769.2823567,9,-129,91,71,70,88.57142857142858,-13.456406039455286
1635510769.2823567,2,18,90,70,71,87.32394366197184,1.9122294268504203
1635510769.2823567,7,-272,93,71,70,88.57142857142858,-26.771681119286118
1635510769.2823567,15,167,91,75,73,84.93150684931508,17.210788777144447
1635510769.2823567,1,91,91,72,72,86.11111111111113,9.58066925009003
1635510769.2823567,3,-54,90,70,70,88.57142857142858,-5.719742748496919
1635510769.2823567,8,-200,91,73,71,87.32394366197184,-20.35322914806883
1635510769.2823567,14,243,91,77,74,83.78378378378379,24.262318581404937
1635510769.817175,7,-272,93,71,70,88.57142857142858,-26.771681119286118
1635510769.817175,9,-129,91,71,71,87.32394366197184,-13.456406039455286
1635510769.817175,2,18,90,70,71,87.32394366197184,1.9122294268504203
1635510769.817175,15,167,91,75,73,84.93150684931508,17.210788777144447
1635510769.817175,1,91,91,72,72,86.11111111111113,9.58066925009003
1635510769.817175,3,-54,90,70,70,88.57142857142858,-5.719742748496919
1635510769.817175,8,-200,91,73,71,87.32394366197184,-20.35322914806883
1635510769.817175,14,243,91,77,73,84.93150684931508,24.262318581404937
1635510770.3480716,7,-271,92,70,71,87.32394366197184,-26.686905839741105
1635510770.3480716,9,-129,91,71,71,87.32394366197184,-13.456406039455286
1635510770.3480716,2,18,90,70,71,87.32394366197184,1.9122294268504203
1635510770.3480716,14,243,91,77,74,83.78378378378379,24.262318581404937
1635510770.3480716,15,167,91,75,73,84.93150684931508,17.210788777144447
1635510770.3480716,1,91,90,72,73,84.93150684931508,9.58066925009003
1635510770.3480716,3,-54,90,70,70,88.57142857142858,-5.719742748496919
1635510770.3480716,8,-200,91,73,71,87.32394366197184,-20.35322914806883
1635510770.8295069,7,-271,92,70,71,87.32394366197184,-26.686905839741105
1635510770.8295069,9,-129,91,72,71,87.32394366197184,-13.456406039455286
1635510770.8295069,2,18,90,70,71,87.32394366197184,1.9122294268504203
1635510770.8295069,14,243,91,77,73,84.93150684931508,24.262318581404937
1635510770.8295069,15,167,91,75,73,84.93150684931508,17.210788777144447
1635510770.8295069,1,91,91,72,72,86.11111111111113,9.58066925009003
1635510770.8295069,3,-54,90,70,70,88.57142857142858,-5.719742748496919
1635510770.8295069,8,-200,91,73,71,87.32394366197184,-20.35322914806883
1635510771.2896028,7,-271,93,70,70,88.57142857142858,-26.686905839741105
1635510771.2896028,9,-129,91,72,71,87.32394366197184,-13.456406039455286
1635510771.2896028,2,18,90,70,71,87.32394366197184,1.9122294268504203
1635510771.2896028,15,167,91,75,73,84.93150684931508,17.210788777144447
1635510771.2896028,1,91,91,72,72,86.11111111111113,9.58066925009003
1635510771.2896028,3,-54,90,70,70,88.57142857142858,-5.719742748496919
1635510771.2896028,8,-200,91,73,71,87.32394366197184,-20.35322914806883
1635510771.2896028,14,243,91,77,74,83.78378378378379,24.262318581404937
1635510771.7795875,7,-271,93,70,70,88.57142857142858,-26.686905839741105
1635510771.7795875,9,-129,91,71,71,87.32394366197184,-13.456406039455286
1635510771.7795875,2,18,90,70,71,87.32394366197184,1.9122294268504203
1635510771.7795875,14,243,91,77,73,84.93150684931508,24.262318581404937
1635510771.7795875,15,167,91,75,73,84.93150684931508,17.210788777144447
1635510771.7795875,3,-54,90,70,70,88.57142857142858,-5.719742748496919
1635510771.7795875,8,-200,91,73,71,87.32394366197184,-20.35322914806883
1635510771.7795875,1,91,91,72,72,86.11111111111113,9.58066925009003
1635510772.2323508,7,-271,93,70,70,88.57142857142858,-26.686905839741105
1635510772.2323508,9,-129,91,71,71,87.32394366197184,-13.456406039455286
1635510772.2323508,2,18,90,70,71,87.32394366197184,1.9122294268504203
1635510772.2323508,15,167,91,75,73,84.93150684931508,17.210788777144447
1635510772.2323508,1,91,91,72,72,86.11111111111113,9.58066925009003
1635510772.2323508,3,-54,90,70,70,88.57142857142858,-5.719742748496919
1635510772.2323508,8,-200,91,73,71,87.32394366197184,-20.35322914806883
1635510772.2323508,14,243,91,77,74,83.78378378378379,24.262318581404937
1635510772.7290597,7,-271,93,70,70,88.57142857142858,-26.686905839741105
1635510772.7290597,9,-129,91,71,71,87.32394366197184,-13.456406039455286
1635510772.7290597,2,18,90,70,71,87.32394366197184,1.9122294268504203
1635510772.7290597,15,167,91,75,73,84.93150684931508,17.210788777144447
1635510772.7290597,1,91,91,72,72,86.11111111111113,9.58066925009003
1635510772.7290597,3,-54,90,70,70,88.57142857142858,-5.719742748496919
1635510772.7290597,8,-200,91,73,71,87.32394366197184,-20.35322914806883
1635510772.7290597,14,243,91,77,74,83.78378378378379,24.262318581404937
1635510773.2263253,7,-272,93,71,73,84.93150684931508,-26.771681119286118
1635510773.2263253,9,-129,91,71,71,87.32394366197184,-13.456406039455286
1635510773.2263253,2,18,90,70,71,87.32394366197184,1.9122294268504203
1635510773.2263253,14,243,91,77,73,84.93150684931508,24.262318581404937
1635510773.2263253,15,167,91,75,73,84.93150684931508,17.210788777144447
1635510773.2263253,1,91,91,72,72,86.11111111111113,9.58066925009003
1635510773.2263253,3,-54,90,70,70,88.57142857142858,-5.719742748496919
1635510773.2263253,8,-200,91,73,71,87.32394366197184,-20.35322914806883
1635510773.7273693,7,-272,93,71,70,88.57142857142858,-26.771681119286118
1635510773.7273693,9,-129,91,72,71,87.32394366197184,-13.456406039455286
1635510773.7273693,2,18,90,70,71,87.32394366197184,1.9122294268504203
1635510773.7273693,14,243,91,77,73,84.93150684931508,24.262318581404937
1635510773.7273693,15,167,91,75,73,84.93150684931508,17.210788777144447
1635510773.7273693,1,91,91,72,72,86.11111111111113,9.58066925009003
1635510773.7273693,3,-54,90,70,70,88.57142857142858,-5.719742748496919
1635510773.7273693,8,-200,91,73,71,87.32394366197184,-20.35322914806883
1635510774.227563,7,-271,93,70,73,84.93150684931508,-26.686905839741105
1635510774.227563,9,-129,91,72,71,87.32394366197184,-13.456406039455286
1635510774.227563,2,18,90,70,71,87.32394366197184,1.9122294268504203
1635510774.227563,15,167,91,75,73,84.93150684931508,17.210788777144447
1635510774.227563,1,91,90,72,73,84.93150684931508,9.58066925009003
1635510774.227563,3,-54,90,70,70,88.57142857142858,-5.719742748496919
1635510774.227563,8,-200,91,73,71,87.32394366197184,-20.35322914806883
1635510774.227563,14,243,91,77,74,83.78378378378379,24.262318581404937
1635510774.7222824,7,-272,92,71,69,89.85507246376812,-26.771681119286118
1635510774.7222824,9,-129,91,71,71,87.32394366197184,-13.456406039455286
1635510774.7222824,2,18,90,70,71,87.32394366197184,1.9122294268504203
1635510774.7222824,15,167,91,75,73,84.93150684931508,17.210788777144447
1635510774.7222824,1,91,90,72,73,84.93150684931508,9.58066925009003
1635510774.7222824,3,-54,90,70,70,88.57142857142858,-5.719742748496919
1635510774.7222824,8,-200,91,73,71,87.32394366197184,-20.35322914806883
